element_type,div_size,section_header_size,section_header_title,section_header_title_position,section_header_title_color,section_header_subtitle,section_header_subtitle_position,section_header_subtitle_color,section_divider_type,sections,sections_slides,sections_size,sections_uniqid,sections_style,sections_placement,sections_type,sections_class,sections_clogic,sections_logic,sections_internal_name,selectbox_internal_name,selectbox_header_size,selectbox_header_title,selectbox_header_title_position,selectbox_header_title_color,selectbox_header_subtitle,selectbox_header_subtitle_position,selectbox_header_subtitle_color,selectbox_divider_type,selectbox_required,selectbox_text_before_price,selectbox_text_after_price,selectbox_price_type,selectbox_hide_amount,selectbox_quantity,selectbox_quantity_min,selectbox_quantity_max,selectbox_quantity_step,selectbox_quantity_default_value,selectbox_placeholder,selectbox_use_url,selectbox_changes_product_image,multiple_selectbox_options_title,multiple_selectbox_options_image,multiple_selectbox_options_imagec,multiple_selectbox_options_imagep,multiple_selectbox_options_imagel,multiple_selectbox_options_color,multiple_selectbox_options_value,multiple_selectbox_options_price,multiple_selectbox_options_sale_price,multiple_selectbox_options_price_type,multiple_selectbox_options_description,multiple_selectbox_options_url,selectbox_uniqid,selectbox_clogic,selectbox_logic,selectbox_class,selectbox_container_id,selectbox_include_tax_for_fee_price_type,selectbox_tax_class_for_fee_price_type,selectbox_hide_element_label_in_cart,selectbox_hide_element_value_in_cart,selectbox_hide_element_label_in_order,selectbox_hide_element_value_in_order,selectbox_hide_element_label_in_floatbox,selectbox_hide_element_value_in_floatbox,radiobuttons_internal_name,radiobuttons_header_size,radiobuttons_header_title,radiobuttons_header_title_position,radiobuttons_header_title_color,radiobuttons_header_subtitle,radiobuttons_header_subtitle_position,radiobuttons_header_subtitle_color,radiobuttons_divider_type,radiobuttons_required,radiobuttons_text_before_price,radiobuttons_text_after_price,radiobuttons_hide_amount,radiobuttons_quantity,radiobuttons_quantity_min,radiobuttons_quantity_max,radiobuttons_quantity_step,radiobuttons_quantity_default_value,radiobuttons_use_url,radiobuttons_use_images,radiobuttons_use_lightbox,radiobuttons_swatchmode,radiobuttons_use_colors,radiobuttons_changes_product_image,radiobuttons_items_per_row,radiobuttons_items_per_row_tablets,radiobuttons_items_per_row_tablets_small,radiobuttons_items_per_row_smartphones,radiobuttons_items_per_row_iphone5,radiobuttons_items_per_row_iphone6,radiobuttons_items_per_row_iphone6_plus,radiobuttons_items_per_row_samsung_galaxy,radiobuttons_items_per_row_tablets_galaxy,radiobuttons_clear_options,multiple_radiobuttons_options_title,multiple_radiobuttons_options_image,multiple_radiobuttons_options_imagec,multiple_radiobuttons_options_imagep,multiple_radiobuttons_options_imagel,multiple_radiobuttons_options_color,multiple_radiobuttons_options_value,multiple_radiobuttons_options_price,multiple_radiobuttons_options_sale_price,multiple_radiobuttons_options_price_type,multiple_radiobuttons_options_description,multiple_radiobuttons_options_url,radiobuttons_uniqid,radiobuttons_clogic,radiobuttons_logic,radiobuttons_class,radiobuttons_container_id,radiobuttons_include_tax_for_fee_price_type,radiobuttons_tax_class_for_fee_price_type,radiobuttons_hide_element_label_in_cart,radiobuttons_hide_element_value_in_cart,radiobuttons_hide_element_label_in_order,radiobuttons_hide_element_value_in_order,radiobuttons_hide_element_label_in_floatbox,radiobuttons_hide_element_value_in_floatbox,header_internal_name,header_size,header_title,header_title_position,header_title_color,header_subtitle,header_subtitle_color,header_subtitle_position,header_uniqid,header_clogic,header_logic,header_class,textfield_internal_name,textfield_header_size,textfield_header_title,textfield_header_title_position,textfield_header_title_color,textfield_header_subtitle,textfield_header_subtitle_position,textfield_header_subtitle_color,textfield_divider_type,textfield_required,textfield_price,textfield_sale_price,textfield_text_before_price,textfield_text_after_price,textfield_price_type,textfield_freechars,textfield_hide_amount,textfield_quantity,textfield_quantity_min,textfield_quantity_max,textfield_quantity_step,textfield_quantity_default_value,textfield_placeholder,textfield_min_chars,textfield_max_chars,textfield_default_value,textfield_min,textfield_max,textfield_validation1,textfield_uniqid,textfield_clogic,textfield_logic,textfield_class,textfield_container_id,textfield_include_tax_for_fee_price_type,textfield_tax_class_for_fee_price_type,textfield_hide_element_label_in_cart,textfield_hide_element_value_in_cart,textfield_hide_element_label_in_order,textfield_hide_element_value_in_order,textfield_hide_element_label_in_floatbox,textfield_hide_element_value_in_floatbox,upload_internal_name,upload_header_size,upload_header_title,upload_header_title_position,upload_header_title_color,upload_header_subtitle,upload_header_subtitle_position,upload_header_subtitle_color,upload_divider_type,upload_required,upload_price,upload_sale_price,upload_text_before_price,upload_text_after_price,upload_price_type,upload_hide_amount,upload_button_type,upload_uniqid,upload_clogic,upload_logic,upload_class,upload_container_id,upload_include_tax_for_fee_price_type,upload_tax_class_for_fee_price_type,upload_hide_element_label_in_cart,upload_hide_element_value_in_cart,upload_hide_element_label_in_order,upload_hide_element_value_in_order,upload_hide_element_label_in_floatbox,upload_hide_element_value_in_floatbox
"selectbox","w100","3","","","","","","","none","1","","w100","5eda0ab1a1d488.29448354","","before","","","{""section"":""5eda0ab1a1d488.29448354"",""toggle"":""show"",""what"":""any"",""rules"":[]}","","Select Lense","Select Box","10","Select your lens: ","","","","","","none","0","","","","hidden","","","","","","Choose One","","","Distance|Reading|Bifocal|Progressive|Zero Power|Frame only","|||||","|||||","|||||","|||||","|||||","Distance|Reading|Bifocal|Progressive|Zero Power|Frame only","|||||","|||||","|||||","|||||","|||||","5eda0ab1a1d562.07249772","{""element"":""5eda0ab1a1d562.07249772"",""toggle"":""show"",""what"":""all"",""rules"":[]}","","","","","","","","","","","","Radio buttons","10","Distance lens options: ","","","","","","none","0","","","","","","","","","","","","","","","","","","","","","","","","","NS Scratch Resistant|NS Scratch Resistant + Anti Reflection|NS Scratch Resistant + Anti Reflection + Blue Shield|Crizal Easy Scratch Resistant + Anti Reflection|Crizal Prevencia Scratch Resistant + Anti Reflection + Blue Shield|NS Transition|NS Polycarbonate Unbreakable|NS High Index 1.67","|||||||","|||||||","|||||||","|||||||","|||||||","NS Scratch Resistant|NS Scratch Resistant + Anti Reflection|NS Scratch Resistant + Anti Reflection + Blue Shield|Crizal Easy Scratch Resistant + Anti Reflection|Crizal Prevencia Scratch Resistant + Anti Reflection + Blue Shield|NS Transition|NS Polycarbonate Unbreakable|NS High Index 1.67","700|1200|3000|6000|8500|2400|2400|4000","|||||||","|||||||","|||||||","|||||||","5eda0ab1a1d5d7.27284359","{""element"":""5eda0ab1a1d5d7.27284359"",""toggle"":""show"",""what"":""all"",""rules"":[{""section"":""5eda0ab1a1d488.29448354"",""element"":""0"",""operator"":""is"",""value"":""Distance""}]}","","","","","","","","","","","","Heading","9","*Blue Shield lens is ideal for smartphone & computer users","","","","","","5eda0ab1a1d625.13835675","{""element"":""5eda0ab1a1d625.13835675"",""toggle"":""show"",""what"":""all"",""rules"":[]}","","","Text Field","10","Add your PD (optional)  ","","","","","","none","0","","","","","","","hidden","","","","","","","","","","","","","5eda0ab1a1d6d0.20192351","{""element"":""5eda0ab1a1d6d0.20192351"",""toggle"":""show"",""what"":""all"",""rules"":[]}","","","","","","","","","","","","Upload","10","Upload prescription (optional)  ","","","","","","none","0","","","","","","hidden","","5eda0ab1a1d6e9.70616791","{""element"":""5eda0ab1a1d6e9.70616791"",""toggle"":""show"",""what"":""all"",""rules"":[]}","","","","","","","","","","",""
"radiobuttons","w100","3","","","","","","","none","2","","w100","5eda0ab1a1d4e9.97096748","","before","","","{""section"":""5eda0ab1a1d4e9.97096748"",""toggle"":""show"",""what"":""all"",""rules"":[{""section"":""5eda0ab1a1d488.29448354"",""element"":""0"",""operator"":""is"",""value"":""Distance""}]}","1","Distance","SPH","10","Right SPH","disable","","","","","none","0","","","","hidden","","","","","","--","","","-8.00|-7.75|-7.50|-7.25|-7.00|-6.75|-6.50|-6.25|-6.00|-5.75|-5.50|-5.25|-5.00|-4.75|-4.50|-4.25|-4.00|-3.75|-3.50|-3.25|-3.00|-2.75|-2.50|-2.25|-2.00|-1.75|-1.50|-1.25|-1.00|-0.75|-0.50|-0.25|0.|+0.25|+0.50|+0.75|+1.00|+1.25|+1.50|+1.75|+2.00|+2.25|+2.50|+2.75|+3.00|+3.25|+3.50|+3.75|+4.00|+4.25|+4.50|+4.75|+5.00|+4.25|+4.50|+4.75|+5.00|+5.25|+5.50|+5.75|+6.00|+6.25|+6.50|+6.75|+7.00|+7.25|+7.50|+7.75|+8.00","||||||||||||||||||||||||||||||||||||||||||||||||||||||||||||||||||||","||||||||||||||||||||||||||||||||||||||||||||||||||||||||||||||||||||","||||||||||||||||||||||||||||||||||||||||||||||||||||||||||||||||||||","||||||||||||||||||||||||||||||||||||||||||||||||||||||||||||||||||||","||||||||||||||||||||||||||||||||||||||||||||||||||||||||||||||||||||","-8.00|-7.75|-7.50|-7.25|-7.00|-6.75|-6.50|-6.25|-6.00|-5.75|-5.50|-5.25|-5.00|-4.75|-4.50|-4.25|-4.00|-3.75|-3.50|-3.25|-3.00|-2.75|-2.50|-2.25|-2.00|-1.75|-1.50|-1.25|-1.00|-0.75|-0.50|-0.25|0.|+0.25|+0.50|+0.75|+1.00|+1.25|+1.50|+1.75|+2.00|+2.25|+2.50|+2.75|+3.00|+3.25|+3.50|+3.75|+4.00|+4.25|+4.50|+4.75|+5.00|+4.25|+4.50|+4.75|+5.00|+5.25|+5.50|+5.75|+6.00|+6.25|+6.50|+6.75|+7.00|+7.25|+7.50|+7.75|+8.00","||||||||||||||||||||||||||||||||||||||||||||||||||||||||||||||||||||","||||||||||||||||||||||||||||||||||||||||||||||||||||||||||||||||||||","||||||||||||||||||||||||||||||||||||||||||||||||||||||||||||||||||||","||||||||||||||||||||||||||||||||||||||||||||||||||||||||||||||||||||","||||||||||||||||||||||||||||||||||||||||||||||||||||||||||||||||||||","5eda0ab1a1d578.98314913","{""element"":""5eda0ab1a1d578.98314913"",""toggle"":""show"",""what"":""any"",""rules"":[]}","","","","","","","","","","","","Radio buttons","10","Reading lens options: ","","","","","","none","0","","","","","","","","","","","","","","","","","","","","","","","","","NS Scratch Resistant|NS Scratch Resistant + Anti Reflection|NS Scratch Resistant + Anti Reflection + Blue Shield|Crizal Easy Scratch Resistant + Anti Reflection|Crizal Prevencia Scratch Resistant + Anti Reflection + Blue Shield|NS Polycarbonate Unbreakable|NS High Index 1.67","||||||","||||||","||||||","||||||","||||||","NS Scratch Resistant|NS Scratch Resistant + Anti Reflection|NS Scratch Resistant + Anti Reflection + Blue Shield|Crizal Easy Scratch Resistant + Anti Reflection|Crizal Prevencia Scratch Resistant + Anti Reflection + Blue Shield|NS Polycarbonate Unbreakable|NS High Index 1.67","700|1200|3000|6000|9800|2400|4000","||||||","||||||","||||||","||||||","5eda0ab1a1d5e7.59955268","{""element"":""5eda0ab1a1d5e7.59955268"",""toggle"":""show"",""what"":""all"",""rules"":[{""section"":""5eda0ab1a1d488.29448354"",""element"":""0"",""operator"":""is"",""value"":""Distance""}]}","","","","","","","","","","","","Heading","9","*Blue Shield lens is ideal for smartphone & computer users","","","","","","5eda0ab1a1d636.64189051","{""element"":""5eda0ab1a1d625.13835675"",""toggle"":""show"",""what"":""all"",""rules"":[]}","","",,,,,,,,,,,,,,,,,,,,,,,,,,,,,,,,,,,,,,,,,,,,,,,,,,,,,,,,,,,,,,,,,,,,,,,,
"header","w100","3","","","","","","","none","2","","w100","5eda0ab1a1d509.14407533","","before","","","{""section"":""5eda0ab1a1d509.14407533"",""toggle"":""show"",""what"":""all"",""rules"":[{""section"":""5eda0ab1a1d488.29448354"",""element"":""0"",""operator"":""is"",""value"":""Reading""}]}","1","Reading","CYL","10","Right CYL","disable","","","","","none","0","","","","hidden","","","","","","--","","","-4.00|-3.75|-3.50|-3.25|-3.00|-2.75|-2.50|-2.25|-2.00|-1.75|-1.50|-1.25|-1.00|-0.75|-0.50|-0.25|0.|+0.25|+0.50|+0.75|+1.00|+1.25|+1.50|+1.75|+2.00|+2.25|+2.50|+2.75|+3.00|+3.25|+3.50|+3.75|+4.00","||||||||||||||||||||||||||||||||","||||||||||||||||||||||||||||||||","||||||||||||||||||||||||||||||||","||||||||||||||||||||||||||||||||","||||||||||||||||||||||||||||||||","-4.00|-3.75|-3.50|-3.25|-3.00|-2.75|-2.50|-2.25|-2.00|-1.75|-1.50|-1.25|-1.00|-0.75|-0.50|-0.25|0.|+0.25|+0.50|+0.75|+1.00|+1.25|+1.50|+1.75|+2.00|+2.25|+2.50|+2.75|+3.00|+3.25|+3.50|+3.75|+4.00","||||||||||||||||||||||||||||||||","||||||||||||||||||||||||||||||||","||||||||||||||||||||||||||||||||","||||||||||||||||||||||||||||||||","||||||||||||||||||||||||||||||||","5eda0ab1a1d587.95598526","{""element"":""5eda0ab1a1d587.95598526"",""toggle"":""show"",""what"":""any"",""rules"":[]}","","","","","","","","","","","","Radio buttons","10","Bifocal lens options:  ","","","","","","none","0","","","","","","","","","","","","","","","","","","","","","","","","","NS Basic Bifocal |NS Anti Reflection Bifocal|NS Transition Bifocal ","||","||","||","||","||","NS Basic Bifocal |NS Anti Reflection Bifocal|NS Transition Bifocal ","1400|4000|7500","||","||","||","||","5eda0ab1a1d5f7.23462688","{""element"":""5eda0ab1a1d5f7.23462688"",""toggle"":""show"",""what"":""all"",""rules"":[{""section"":""5eda0ab1a1d488.29448354"",""element"":""0"",""operator"":""is"",""value"":""Distance""}]}","","","","","","","","","","","","Heading","9","*Blue Shield lens is ideal for smartphone & computer users","","","","","","5eda0ab1a1d643.10141172","{""element"":""5eda0ab1a1d625.13835675"",""toggle"":""show"",""what"":""all"",""rules"":[]}","","",,,,,,,,,,,,,,,,,,,,,,,,,,,,,,,,,,,,,,,,,,,,,,,,,,,,,,,,,,,,,,,,,,,,,,,,
"radiobuttons","w100","3","","","","","","","none","2","","w100","5eda0ab1a1d514.67597162","","before","","","{""section"":""5eda0ab1a1d514.67597162"",""toggle"":""show"",""what"":""all"",""rules"":[{""section"":""5eda0ab1a1d488.29448354"",""element"":""0"",""operator"":""is"",""value"":""Bifocal""}]}","1","Bifocal","	AXIS","10","Right AXIS","disable","","","","","none","0","","","","hidden","","","","","","--","","","1|2|3|4|5|6|7|8|9|10|11|12|13|14|15|16|17|18|19|20|21|22|23|24|25|26|27|28|29|30|31|32|33|34|35|36|37|38|39|40|41|42|43|44|45|46|47|48|49|50|51|52|53|54|55|56|57|58|59|60|61|62|63|64|65|66|67|68|69|70|71|72|73|74|75|76|77|78|78|80|81|82|83|84|85|86|87|88|89|90|91|92|93|94|95|96|97|98|99|100|101|102|103|104|105|106|107|108|109|110|111|112|113|114|115|116|117|118|119|120|121|122|123|124|125|126|127|128|129|130|131|132|133|134|135|136|137|138|139|140|141|142|143|144|145|146|147|148|149|150|151|152|153|154|155|156|157|158|159|160|161|162|163|164|165|166|167|168|169|170|171|172|173|174|175|176|177|178|179|180","|||||||||||||||||||||||||||||||||||||||||||||||||||||||||||||||||||||||||||||||||||||||||||||||||||||||||||||||||||||||||||||||||||||||||||||||||||||||||||||||||||||||||||||||||||","|||||||||||||||||||||||||||||||||||||||||||||||||||||||||||||||||||||||||||||||||||||||||||||||||||||||||||||||||||||||||||||||||||||||||||||||||||||||||||||||||||||||||||||||||||","|||||||||||||||||||||||||||||||||||||||||||||||||||||||||||||||||||||||||||||||||||||||||||||||||||||||||||||||||||||||||||||||||||||||||||||||||||||||||||||||||||||||||||||||||||","|||||||||||||||||||||||||||||||||||||||||||||||||||||||||||||||||||||||||||||||||||||||||||||||||||||||||||||||||||||||||||||||||||||||||||||||||||||||||||||||||||||||||||||||||||","|||||||||||||||||||||||||||||||||||||||||||||||||||||||||||||||||||||||||||||||||||||||||||||||||||||||||||||||||||||||||||||||||||||||||||||||||||||||||||||||||||||||||||||||||||","1|2|3|4|5|6|7|8|9|10|11|12|13|14|15|16|17|18|19|20|21|22|23|24|25|26|27|28|29|30|31|32|33|34|35|36|37|38|39|40|41|42|43|44|45|46|47|48|49|50|51|52|53|54|55|56|57|58|59|60|61|62|63|64|65|66|67|68|69|70|71|72|73|74|75|76|77|78|78|80|81|82|83|84|85|86|87|88|89|90|91|92|93|94|95|96|97|98|99|100|101|102|103|104|105|106|107|108|109|110|111|112|113|114|115|116|117|118|119|120|121|122|123|124|125|126|127|128|129|130|131|132|133|134|135|136|137|138|139|140|141|142|143|144|145|146|147|148|149|150|151|152|153|154|155|156|157|158|159|160|161|162|163|164|165|166|167|168|169|170|171|172|173|174|175|176|177|178|179|180","|||||||||||||||||||||||||||||||||||||||||||||||||||||||||||||||||||||||||||||||||||||||||||||||||||||||||||||||||||||||||||||||||||||||||||||||||||||||||||||||||||||||||||||||||||","|||||||||||||||||||||||||||||||||||||||||||||||||||||||||||||||||||||||||||||||||||||||||||||||||||||||||||||||||||||||||||||||||||||||||||||||||||||||||||||||||||||||||||||||||||","|||||||||||||||||||||||||||||||||||||||||||||||||||||||||||||||||||||||||||||||||||||||||||||||||||||||||||||||||||||||||||||||||||||||||||||||||||||||||||||||||||||||||||||||||||","|||||||||||||||||||||||||||||||||||||||||||||||||||||||||||||||||||||||||||||||||||||||||||||||||||||||||||||||||||||||||||||||||||||||||||||||||||||||||||||||||||||||||||||||||||","|||||||||||||||||||||||||||||||||||||||||||||||||||||||||||||||||||||||||||||||||||||||||||||||||||||||||||||||||||||||||||||||||||||||||||||||||||||||||||||||||||||||||||||||||||","5eda0ab1a1d590.62840369","{""element"":""5eda0ab1a1d590.62840369"",""toggle"":""show"",""what"":""any"",""rules"":[]}","","","","","","","","","","","","Radio buttons","10","Progressive lens options: ","","","","","","none","0","","","","","","","","","","","","","","","","","","","","","","","","","NS Basic Progressive |NS Anti Reflection Progressive |NS Transition Progressive|KODAK Anti Reflection Progressive |KODAK Transition Progressive ","||||","||||","||||","||||","||||","NS Basic Progressive |NS Anti Reflection Progressive |NS Transition Progressive|KODAK Anti Reflection Progressive |KODAK Transition Progressive ","3000|6000|9000|8500|12000","||||","||||","||||","||||","5eda0ab1a1d607.83654197","{""element"":""5eda0ab1a1d607.83654197"",""toggle"":""show"",""what"":""all"",""rules"":[{""section"":""5eda0ab1a1d488.29448354"",""element"":""0"",""operator"":""is"",""value"":""Distance""}]}","","","","","","","","","","","","Heading","9","*Blue Shield lens is ideal for smartphone & computer users","","","","","","5eda0ab1a1d656.48448515","{""element"":""5eda0ab1a1d625.13835675"",""toggle"":""show"",""what"":""all"",""rules"":[]}","","",,,,,,,,,,,,,,,,,,,,,,,,,,,,,,,,,,,,,,,,,,,,,,,,,,,,,,,,,,,,,,,,,,,,,,,,
"header","w100","3","","","","","","","none","2","","w100","5eda0ab1a1d525.19396783","","before","","","{""section"":""5eda0ab1a1d525.19396783"",""toggle"":""show"",""what"":""all"",""rules"":[{""section"":""5eda0ab1a1d488.29448354"",""element"":""0"",""operator"":""is"",""value"":""Progressive""}]}","1","Progressive","SPH","10","LEFT SPH","disable","","","","","none","0","","","","hidden","","","","","","--","","","-8.00|-7.75|-7.50|-7.25|-7.00|-6.75|-6.50|-6.25|-6.00|-5.75|-5.50|-5.25|-5.00|-4.75|-4.50|-4.25|-4.00|-3.75|-3.50|-3.25|-3.00|-2.75|-2.50|-2.25|-2.00|-1.75|-1.50|-1.25|-1.00|-0.75|-0.50|-0.25|0.|+0.25|+0.50|+0.75|+1.00|+1.25|+1.50|+1.75|+2.00|+2.25|+2.50|+2.75|+3.00|+3.25|+3.50|+3.75|+4.00|+4.25|+4.50|+4.75|+5.00|+4.25|+4.50|+4.75|+5.00|+5.25|+5.50|+5.75|+6.00|+6.25|+6.50|+6.75|+7.00|+7.25|+7.50|+7.75|+8.00","||||||||||||||||||||||||||||||||||||||||||||||||||||||||||||||||||||","||||||||||||||||||||||||||||||||||||||||||||||||||||||||||||||||||||","||||||||||||||||||||||||||||||||||||||||||||||||||||||||||||||||||||","||||||||||||||||||||||||||||||||||||||||||||||||||||||||||||||||||||","||||||||||||||||||||||||||||||||||||||||||||||||||||||||||||||||||||","-8.00|-7.75|-7.50|-7.25|-7.00|-6.75|-6.50|-6.25|-6.00|-5.75|-5.50|-5.25|-5.00|-4.75|-4.50|-4.25|-4.00|-3.75|-3.50|-3.25|-3.00|-2.75|-2.50|-2.25|-2.00|-1.75|-1.50|-1.25|-1.00|-0.75|-0.50|-0.25|0.|+0.25|+0.50|+0.75|+1.00|+1.25|+1.50|+1.75|+2.00|+2.25|+2.50|+2.75|+3.00|+3.25|+3.50|+3.75|+4.00|+4.25|+4.50|+4.75|+5.00|+4.25|+4.50|+4.75|+5.00|+5.25|+5.50|+5.75|+6.00|+6.25|+6.50|+6.75|+7.00|+7.25|+7.50|+7.75|+8.00","||||||||||||||||||||||||||||||||||||||||||||||||||||||||||||||||||||","||||||||||||||||||||||||||||||||||||||||||||||||||||||||||||||||||||","||||||||||||||||||||||||||||||||||||||||||||||||||||||||||||||||||||","||||||||||||||||||||||||||||||||||||||||||||||||||||||||||||||||||||","||||||||||||||||||||||||||||||||||||||||||||||||||||||||||||||||||||","5eda0ab1a1d5a2.23066703","{""element"":""5eda0ab1a1d5a2.23066703"",""toggle"":""show"",""what"":""any"",""rules"":[]}","","","","","","","","","","","","Radio buttons","10","Lens options:  ","","","","","","none","0","","","","","","","","","","","","","","","","","","","","","","","","","NS Scratch Resistant + Anti Reflection |NS Scratch Resistant + Anti Reflection + Blue Shield","|","|","|","|","|","NS Scratch Resistant + Anti Reflection |NS Scratch Resistant + Anti Reflection + Blue Shield","1200|3000","|","|","|","|","5eda0ab1a1d610.20735360","{""element"":""5eda0ab1a1d610.20735360"",""toggle"":""show"",""what"":""all"",""rules"":[{""section"":""5eda0ab1a1d488.29448354"",""element"":""0"",""operator"":""is"",""value"":""Distance""}]}","","","","","","","","","","","","Heading","9","*Blue Shield lens is ideal for smartphone & computer users","","","","","","5eda0ab1a1d660.97862389","{""element"":""5eda0ab1a1d625.13835675"",""toggle"":""show"",""what"":""all"",""rules"":[]}","","",,,,,,,,,,,,,,,,,,,,,,,,,,,,,,,,,,,,,,,,,,,,,,,,,,,,,,,,,,,,,,,,,,,,,,,,
"radiobuttons","w100","3","","","","","","","none","2","","w100","5eda0ab1a1d539.02667548","","before","","","{""section"":""5eda0ab1a1d539.02667548"",""toggle"":""show"",""what"":""all"",""rules"":[{""section"":""5eda0ab1a1d488.29448354"",""element"":""0"",""operator"":""is"",""value"":""Zero%20Power""}]}","1","Zero Power","CYL","10","Right CYL","disable","","","","","none","0","","","","hidden","","","","","","--","","","-4.00|-3.75|-3.50|-3.25|-3.00|-2.75|-2.50|-2.25|-2.00|-1.75|-1.50|-1.25|-1.00|-0.75|-0.50|-0.25|0.|+0.25|+0.50|+0.75|+1.00|+1.25|+1.50|+1.75|+2.00|+2.25|+2.50|+2.75|+3.00|+3.25|+3.50|+3.75|+4.00","||||||||||||||||||||||||||||||||","||||||||||||||||||||||||||||||||","||||||||||||||||||||||||||||||||","||||||||||||||||||||||||||||||||","||||||||||||||||||||||||||||||||","-4.00|-3.75|-3.50|-3.25|-3.00|-2.75|-2.50|-2.25|-2.00|-1.75|-1.50|-1.25|-1.00|-0.75|-0.50|-0.25|0.|+0.25|+0.50|+0.75|+1.00|+1.25|+1.50|+1.75|+2.00|+2.25|+2.50|+2.75|+3.00|+3.25|+3.50|+3.75|+4.00","||||||||||||||||||||||||||||||||","||||||||||||||||||||||||||||||||","||||||||||||||||||||||||||||||||","||||||||||||||||||||||||||||||||","||||||||||||||||||||||||||||||||","5eda0ab1a1d5b7.29122395","{""element"":""5eda0ab1a1d5b7.29122395"",""toggle"":""show"",""what"":""any"",""rules"":[]}","","","","","","","","","","","",,,,,,,,,,,,,,,,,,,,,,,,,,,,,,,,,,,,,,,,,,,,,,,,,,,,,,,,,,,,"Heading","3","","","","","","","5eda0ab1a1d677.29482976","{""element"":""5eda0ab1a1d677.29482976"",""toggle"":""show"",""what"":""any"",""rules"":[]}","","list-head",,,,,,,,,,,,,,,,,,,,,,,,,,,,,,,,,,,,,,,,,,,,,,,,,,,,,,,,,,,,,,,,,,,,,,,,
"header","w100","9","Add your Prescription  ","","","","","","none","12","","w100","5eda0ab1a1d541.83679046","","before","","prescription-list  ","{""section"":""5eda0ab1a1d541.83679046"",""toggle"":""show"",""what"":""any"",""rules"":[{""section"":""5eda0ab1a1d488.29448354"",""element"":""0"",""operator"":""is"",""value"":""Distance""},{""section"":""5eda0ab1a1d488.29448354"",""element"":""0"",""operator"":""is"",""value"":""Reading""},{""section"":""5eda0ab1a1d488.29448354"",""element"":""0"",""operator"":""is"",""value"":""Bifocal""},{""section"":""5eda0ab1a1d488.29448354"",""element"":""0"",""operator"":""is"",""value"":""Progressive""}]}","1","Table","	AXIS","10","Right AXIS","disable","","","","","none","0","","","","hidden","","","","","","--","","","1|2|3|4|5|6|7|8|9|10|11|12|13|14|15|16|17|18|19|20|21|22|23|24|25|26|27|28|29|30|31|32|33|34|35|36|37|38|39|40|41|42|43|44|45|46|47|48|49|50|51|52|53|54|55|56|57|58|59|60|61|62|63|64|65|66|67|68|69|70|71|72|73|74|75|76|77|78|78|80|81|82|83|84|85|86|87|88|89|90|91|92|93|94|95|96|97|98|99|100|101|102|103|104|105|106|107|108|109|110|111|112|113|114|115|116|117|118|119|120|121|122|123|124|125|126|127|128|129|130|131|132|133|134|135|136|137|138|139|140|141|142|143|144|145|146|147|148|149|150|151|152|153|154|155|156|157|158|159|160|161|162|163|164|165|166|167|168|169|170|171|172|173|174|175|176|177|178|179|180","|||||||||||||||||||||||||||||||||||||||||||||||||||||||||||||||||||||||||||||||||||||||||||||||||||||||||||||||||||||||||||||||||||||||||||||||||||||||||||||||||||||||||||||||||||","|||||||||||||||||||||||||||||||||||||||||||||||||||||||||||||||||||||||||||||||||||||||||||||||||||||||||||||||||||||||||||||||||||||||||||||||||||||||||||||||||||||||||||||||||||","|||||||||||||||||||||||||||||||||||||||||||||||||||||||||||||||||||||||||||||||||||||||||||||||||||||||||||||||||||||||||||||||||||||||||||||||||||||||||||||||||||||||||||||||||||","|||||||||||||||||||||||||||||||||||||||||||||||||||||||||||||||||||||||||||||||||||||||||||||||||||||||||||||||||||||||||||||||||||||||||||||||||||||||||||||||||||||||||||||||||||","|||||||||||||||||||||||||||||||||||||||||||||||||||||||||||||||||||||||||||||||||||||||||||||||||||||||||||||||||||||||||||||||||||||||||||||||||||||||||||||||||||||||||||||||||||","1|2|3|4|5|6|7|8|9|10|11|12|13|14|15|16|17|18|19|20|21|22|23|24|25|26|27|28|29|30|31|32|33|34|35|36|37|38|39|40|41|42|43|44|45|46|47|48|49|50|51|52|53|54|55|56|57|58|59|60|61|62|63|64|65|66|67|68|69|70|71|72|73|74|75|76|77|78|78|80|81|82|83|84|85|86|87|88|89|90|91|92|93|94|95|96|97|98|99|100|101|102|103|104|105|106|107|108|109|110|111|112|113|114|115|116|117|118|119|120|121|122|123|124|125|126|127|128|129|130|131|132|133|134|135|136|137|138|139|140|141|142|143|144|145|146|147|148|149|150|151|152|153|154|155|156|157|158|159|160|161|162|163|164|165|166|167|168|169|170|171|172|173|174|175|176|177|178|179|180","|||||||||||||||||||||||||||||||||||||||||||||||||||||||||||||||||||||||||||||||||||||||||||||||||||||||||||||||||||||||||||||||||||||||||||||||||||||||||||||||||||||||||||||||||||","|||||||||||||||||||||||||||||||||||||||||||||||||||||||||||||||||||||||||||||||||||||||||||||||||||||||||||||||||||||||||||||||||||||||||||||||||||||||||||||||||||||||||||||||||||","|||||||||||||||||||||||||||||||||||||||||||||||||||||||||||||||||||||||||||||||||||||||||||||||||||||||||||||||||||||||||||||||||||||||||||||||||||||||||||||||||||||||||||||||||||","|||||||||||||||||||||||||||||||||||||||||||||||||||||||||||||||||||||||||||||||||||||||||||||||||||||||||||||||||||||||||||||||||||||||||||||||||||||||||||||||||||||||||||||||||||","|||||||||||||||||||||||||||||||||||||||||||||||||||||||||||||||||||||||||||||||||||||||||||||||||||||||||||||||||||||||||||||||||||||||||||||||||||||||||||||||||||||||||||||||||||","5eda0ab1a1d5c0.97863472","{""element"":""5eda0ab1a1d5c0.97863472"",""toggle"":""show"",""what"":""any"",""rules"":[]}","","","","","","","","","","","",,,,,,,,,,,,,,,,,,,,,,,,,,,,,,,,,,,,,,,,,,,,,,,,,,,,,,,,,,,,"Heading","9","SPH","","","","","","5eda0ab1a1d680.94423135","{""element"":""5eda0ab1a1d680.94423135"",""toggle"":""show"",""what"":""all"",""rules"":[]}","","list-head",,,,,,,,,,,,,,,,,,,,,,,,,,,,,,,,,,,,,,,,,,,,,,,,,,,,,,,,,,,,,,,,,,,,,,,,
"radiobuttons","w100","3","","","","","","","none","2","","w100","5eda0ab1a1d556.03439870","","before","","","{""section"":""5eda0ab1a1d556.03439870"",""toggle"":""show"",""what"":""any"",""rules"":[{""section"":""5eda0ab1a1d488.29448354"",""element"":""0"",""operator"":""is"",""value"":""Distance""},{""section"":""5eda0ab1a1d488.29448354"",""element"":""0"",""operator"":""is"",""value"":""Reading""},{""section"":""5eda0ab1a1d488.29448354"",""element"":""0"",""operator"":""is"",""value"":""Bifocal""},{""section"":""5eda0ab1a1d488.29448354"",""element"":""0"",""operator"":""is"",""value"":""Progressive""},{""section"":""5eda0ab1a1d488.29448354"",""element"":""0"",""operator"":""is"",""value"":""Progressive""}]}","1","Section",,,,,,,,,,,,,,,,,,,,,,,,,,,,,,,,,,,,,,,,,,,,,,,,,,,,,,,,,,,,,,,,,,,,,,,,,,,,,,,,,,,,,,,,,,,,,,,,,,,,,,,,,,,"Heading","9","CYL","","","","","","5eda0ab1a1d697.06052866","{""element"":""5eda0ab1a1d697.06052866"",""toggle"":""show"",""what"":""all"",""rules"":[]}","","list-head",,,,,,,,,,,,,,,,,,,,,,,,,,,,,,,,,,,,,,,,,,,,,,,,,,,,,,,,,,,,,,,,,,,,,,,,
"header","w100",,,,,,,,,,,,,,,,,,,,,,,,,,,,,,,,,,,,,,,,,,,,,,,,,,,,,,,,,,,,,,,,,,,,,,,,,,,,,,,,,,,,,,,,,,,,,,,,,,,,,,,,,,,,,,,,,,,,,,,,,,,,,,"Heading","9","AXIS","","","","","","5eda0ab1a1d6a5.12259882","{""element"":""5eda0ab1a1d6a5.12259882"",""toggle"":""show"",""what"":""all"",""rules"":[]}","","list-head",,,,,,,,,,,,,,,,,,,,,,,,,,,,,,,,,,,,,,,,,,,,,,,,,,,,,,,,,,,,,,,,,,,,,,,,
"radiobuttons","w100",,,,,,,,,,,,,,,,,,,,,,,,,,,,,,,,,,,,,,,,,,,,,,,,,,,,,,,,,,,,,,,,,,,,,,,,,,,,,,,,,,,,,,,,,,,,,,,,,,,,,,,,,,,,,,,,,,,,,,,,,,,,,,"Right","9","Right","","","","","","5eda0ab1a1d6b0.98455526","{""element"":""5eda0ab1a1d6b0.98455526"",""toggle"":""show"",""what"":""any"",""rules"":[]}","","",,,,,,,,,,,,,,,,,,,,,,,,,,,,,,,,,,,,,,,,,,,,,,,,,,,,,,,,,,,,,,,,,,,,,,,,
"header","w100",,,,,,,,,,,,,,,,,,,,,,,,,,,,,,,,,,,,,,,,,,,,,,,,,,,,,,,,,,,,,,,,,,,,,,,,,,,,,,,,,,,,,,,,,,,,,,,,,,,,,,,,,,,,,,,,,,,,,,,,,,,,,,"Left","9","Left","","","","","","5eda0ab1a1d6c7.53224578","{""element"":""5eda0ab1a1d6c7.53224578"",""toggle"":""show"",""what"":""any"",""rules"":[]}","","",,,,,,,,,,,,,,,,,,,,,,,,,,,,,,,,,,,,,,,,,,,,,,,,,,,,,,,,,,,,,,,,,,,,,,,,
"header","w25",,,,,,,,,,,,,,,,,,,,,,,,,,,,,,,,,,,,,,,,,,,,,,,,,,,,,,,,,,,,,,,,,,,,,,,,,,,,,,,,,,,,,,,,,,,,,,,,,,,,,,,,,,,,,,,,,,,,,,,,,,,,,,,,,,,,,,,,,,,,,,,,,,,,,,,,,,,,,,,,,,,,,,,,,,,,,,,,,,,,,,,,,,,,,,,,,,,,,,,,,,,,,,,,,
"header","w25",,,,,,,,,,,,,,,,,,,,,,,,,,,,,,,,,,,,,,,,,,,,,,,,,,,,,,,,,,,,,,,,,,,,,,,,,,,,,,,,,,,,,,,,,,,,,,,,,,,,,,,,,,,,,,,,,,,,,,,,,,,,,,,,,,,,,,,,,,,,,,,,,,,,,,,,,,,,,,,,,,,,,,,,,,,,,,,,,,,,,,,,,,,,,,,,,,,,,,,,,,,,,,,,,
"header","w25",,,,,,,,,,,,,,,,,,,,,,,,,,,,,,,,,,,,,,,,,,,,,,,,,,,,,,,,,,,,,,,,,,,,,,,,,,,,,,,,,,,,,,,,,,,,,,,,,,,,,,,,,,,,,,,,,,,,,,,,,,,,,,,,,,,,,,,,,,,,,,,,,,,,,,,,,,,,,,,,,,,,,,,,,,,,,,,,,,,,,,,,,,,,,,,,,,,,,,,,,,,,,,,,,
"header","w25",,,,,,,,,,,,,,,,,,,,,,,,,,,,,,,,,,,,,,,,,,,,,,,,,,,,,,,,,,,,,,,,,,,,,,,,,,,,,,,,,,,,,,,,,,,,,,,,,,,,,,,,,,,,,,,,,,,,,,,,,,,,,,,,,,,,,,,,,,,,,,,,,,,,,,,,,,,,,,,,,,,,,,,,,,,,,,,,,,,,,,,,,,,,,,,,,,,,,,,,,,,,,,,,,
"header","w25",,,,,,,,,,,,,,,,,,,,,,,,,,,,,,,,,,,,,,,,,,,,,,,,,,,,,,,,,,,,,,,,,,,,,,,,,,,,,,,,,,,,,,,,,,,,,,,,,,,,,,,,,,,,,,,,,,,,,,,,,,,,,,,,,,,,,,,,,,,,,,,,,,,,,,,,,,,,,,,,,,,,,,,,,,,,,,,,,,,,,,,,,,,,,,,,,,,,,,,,,,,,,,,,,
"selectbox","w25",,,,,,,,,,,,,,,,,,,,,,,,,,,,,,,,,,,,,,,,,,,,,,,,,,,,,,,,,,,,,,,,,,,,,,,,,,,,,,,,,,,,,,,,,,,,,,,,,,,,,,,,,,,,,,,,,,,,,,,,,,,,,,,,,,,,,,,,,,,,,,,,,,,,,,,,,,,,,,,,,,,,,,,,,,,,,,,,,,,,,,,,,,,,,,,,,,,,,,,,,,,,,,,,,
"selectbox","w25",,,,,,,,,,,,,,,,,,,,,,,,,,,,,,,,,,,,,,,,,,,,,,,,,,,,,,,,,,,,,,,,,,,,,,,,,,,,,,,,,,,,,,,,,,,,,,,,,,,,,,,,,,,,,,,,,,,,,,,,,,,,,,,,,,,,,,,,,,,,,,,,,,,,,,,,,,,,,,,,,,,,,,,,,,,,,,,,,,,,,,,,,,,,,,,,,,,,,,,,,,,,,,,,,
"selectbox","w25",,,,,,,,,,,,,,,,,,,,,,,,,,,,,,,,,,,,,,,,,,,,,,,,,,,,,,,,,,,,,,,,,,,,,,,,,,,,,,,,,,,,,,,,,,,,,,,,,,,,,,,,,,,,,,,,,,,,,,,,,,,,,,,,,,,,,,,,,,,,,,,,,,,,,,,,,,,,,,,,,,,,,,,,,,,,,,,,,,,,,,,,,,,,,,,,,,,,,,,,,,,,,,,,,
"header","w25",,,,,,,,,,,,,,,,,,,,,,,,,,,,,,,,,,,,,,,,,,,,,,,,,,,,,,,,,,,,,,,,,,,,,,,,,,,,,,,,,,,,,,,,,,,,,,,,,,,,,,,,,,,,,,,,,,,,,,,,,,,,,,,,,,,,,,,,,,,,,,,,,,,,,,,,,,,,,,,,,,,,,,,,,,,,,,,,,,,,,,,,,,,,,,,,,,,,,,,,,,,,,,,,,
"selectbox","w25",,,,,,,,,,,,,,,,,,,,,,,,,,,,,,,,,,,,,,,,,,,,,,,,,,,,,,,,,,,,,,,,,,,,,,,,,,,,,,,,,,,,,,,,,,,,,,,,,,,,,,,,,,,,,,,,,,,,,,,,,,,,,,,,,,,,,,,,,,,,,,,,,,,,,,,,,,,,,,,,,,,,,,,,,,,,,,,,,,,,,,,,,,,,,,,,,,,,,,,,,,,,,,,,,
"selectbox","w25",,,,,,,,,,,,,,,,,,,,,,,,,,,,,,,,,,,,,,,,,,,,,,,,,,,,,,,,,,,,,,,,,,,,,,,,,,,,,,,,,,,,,,,,,,,,,,,,,,,,,,,,,,,,,,,,,,,,,,,,,,,,,,,,,,,,,,,,,,,,,,,,,,,,,,,,,,,,,,,,,,,,,,,,,,,,,,,,,,,,,,,,,,,,,,,,,,,,,,,,,,,,,,,,,
"selectbox","w25",,,,,,,,,,,,,,,,,,,,,,,,,,,,,,,,,,,,,,,,,,,,,,,,,,,,,,,,,,,,,,,,,,,,,,,,,,,,,,,,,,,,,,,,,,,,,,,,,,,,,,,,,,,,,,,,,,,,,,,,,,,,,,,,,,,,,,,,,,,,,,,,,,,,,,,,,,,,,,,,,,,,,,,,,,,,,,,,,,,,,,,,,,,,,,,,,,,,,,,,,,,,,,,,,
"textfield","w100",,,,,,,,,,,,,,,,,,,,,,,,,,,,,,,,,,,,,,,,,,,,,,,,,,,,,,,,,,,,,,,,,,,,,,,,,,,,,,,,,,,,,,,,,,,,,,,,,,,,,,,,,,,,,,,,,,,,,,,,,,,,,,,,,,,,,,,,,,,,,,,,,,,,,,,,,,,,,,,,,,,,,,,,,,,,,,,,,,,,,,,,,,,,,,,,,,,,,,,,,,,,,,,,,
"upload","w100",,,,,,,,,,,,,,,,,,,,,,,,,,,,,,,,,,,,,,,,,,,,,,,,,,,,,,,,,,,,,,,,,,,,,,,,,,,,,,,,,,,,,,,,,,,,,,,,,,,,,,,,,,,,,,,,,,,,,,,,,,,,,,,,,,,,,,,,,,,,,,,,,,,,,,,,,,,,,,,,,,,,,,,,,,,,,,,,,,,,,,,,,,,,,,,,,,,,,,,,,,,,,,,,,
